{
    "observed": {
        "alpha": 2.785215014509231,
        "xmin": 11.0,
        "D": 0.016177298671893547,
        "percentage": 81.5
    },
    "comparisons": {
        "truncated_power_law": {
            "likelihood-ratio": -2.6193584928003206,
            "pvalue": 0.022089559066707287
        },
        "exponential": {
            "likelihood-ratio": 92.9456445789344,
            "pvalue": 7.999808314051201e-07
        },
        "stretched_exponential": {
            "likelihood-ratio": -1.5464171683499188,
            "pvalue": 0.45678765720322545
        },
        "lognormal": {
            "likelihood-ratio": -1.6882561330268384,
            "pvalue": 0.2277816663991259
        }
    },
    "bootstrap": {
        "D": {
            "estimated": 0.01932810253621422,
            "CI": [
                0.012018139232276924,
                0.028212117880562097
            ],
            "pvalue": 0.71228
        },
        "alpha": {
            "estimated": 2.8193091460836532,
            "CI": [
                2.7124112926630635,
                2.936213494237078
            ],
            "pvalue": 0.68179
        },
        "xmin": {
            "estimated": 10.71738,
            "CI": [
                10.0,
                14.0
            ],
            "pvalue": 0.3583
        }
    }
}