{
    "observed": {
        "alpha": 2.7748512348026395,
        "xmin": 6.0,
        "D": 0.011689654226927748,
        "percentage": 73.4
    },
    "comparisons": {
        "truncated_power_law": {
            "likelihood-ratio": -1.1406865650068565,
            "pvalue": 0.13093590408630928
        },
        "exponential": {
            "likelihood-ratio": 104.78744167154929,
            "pvalue": 1.6269589075982663e-07
        },
        "stretched_exponential": {
            "likelihood-ratio": 0.3972526659438742,
            "pvalue": 0.827706299456487
        },
        "lognormal": {
            "likelihood-ratio": -0.4683284758974935,
            "pvalue": 0.48156690821541703
        }
    },
    "bootstrap": {
        "D": {
            "estimated": 0.020894902275500175,
            "CI": [
                0.012197996610790117,
                0.03178568263397238
            ],
            "pvalue": 0.96269
        },
        "alpha": {
            "estimated": 2.758266995578784,
            "CI": [
                2.637208210898456,
                2.8981355652691825
            ],
            "pvalue": 0.39684
        },
        "xmin": {
            "estimated": 5.90152,
            "CI": [
                5.0,
                8.0
            ],
            "pvalue": 0.5896
        }
    }
}