{
    "observed": {
        "alpha": 2.272633698954695,
        "xmin": 230000.0,
        "D": 0.06067335894897019,
        "percentage": 27.96
    },
    "comparisons": {
        "truncated_power_law": {
            "likelihood-ratio": -0.3818281921398654,
            "pvalue": 0.3821866832582925
        },
        "exponential": {
            "likelihood-ratio": 12.754459441307608,
            "pvalue": 0.15229591286621572
        },
        "stretched_exponential": {
            "likelihood-ratio": -0.26330872321774024,
            "pvalue": 0.7208745811907702
        },
        "lognormal": {
            "likelihood-ratio": -0.2409035247375204,
            "pvalue": 0.6775599643849131
        }
    },
    "bootstrap": {
        "alpha": {
            "estimated": 2.3362380973802064,
            "CI": [
                1.944499208103538,
                2.8364774139153317
            ],
            "pvalue": 0.55863
        },
        "xmin": {
            "estimated": 271646.81562,
            "CI": [
                145000.0,
                506529.7999999996
            ],
            "pvalue": 0.68483
        },
        "D": {
            "estimated": 0.08209052191230774,
            "CI": [
                0.058133000022348544,
                0.10750952509947106
            ],
            "pvalue": 0.92494
        }
    }
}