{
    "observed": {
        "alpha": 2.272633698954695,
        "xmin": 230000.0,
        "D": 0.06067335894897019,
        "percentage": 27.96
    },
    "comparisons": {
        "truncated_power_law": {
            "likelihood-ratio": -0.3818281921398654,
            "pvalue": 0.3821866832582925
        },
        "exponential": {
            "likelihood-ratio": 12.754459441307608,
            "pvalue": 0.15229591286621572
        },
        "stretched_exponential": {
            "likelihood-ratio": -0.26330872321774024,
            "pvalue": 0.7208745811907702
        },
        "lognormal": {
            "likelihood-ratio": -0.2409035247375204,
            "pvalue": 0.6775599643849131
        }
    },
    "bootstrap": {
        "D": {
            "estimated": 0.06647837036245899,
            "CI": [
                0.04459267325941912,
                0.09238463110969039
            ],
            "pvalue": 0.62349
        },
        "alpha": {
            "estimated": 2.2174469188081347,
            "CI": [
                1.7554047561635253,
                2.7054362398741376
            ],
            "pvalue": 0.40222
        },
        "xmin": {
            "estimated": 194364.91641,
            "CI": [
                45000.0,
                360000.0
            ],
            "pvalue": 0.32409
        }
    }
}