{
    "observed": {
        "alpha": 2.7378947146773474,
        "xmin": 5.0,
        "D": 0.018664117775003763,
        "percentage": 67.3
    },
    "comparisons": {
        "truncated_power_law": {
            "likelihood-ratio": -0.6666390150259116,
            "pvalue": 0.24822288906774337
        },
        "exponential": {
            "likelihood-ratio": 112.39603990654969,
            "pvalue": 1.08101143783975e-06
        },
        "stretched_exponential": {
            "likelihood-ratio": 0.6063523842682468,
            "pvalue": 0.7394020589924917
        },
        "lognormal": {
            "likelihood-ratio": -0.35166158183483853,
            "pvalue": 0.5879271738045737
        }
    },
    "bootstrap": {
        "D": {
            "estimated": 0.02232486960728458,
            "CI": [
                0.012860595258030688,
                0.034214720032284186
            ],
            "pvalue": 0.68356
        },
        "alpha": {
            "estimated": 2.6985796324948415,
            "CI": [
                2.595639870636064,
                2.839802385304425
            ],
            "pvalue": 0.25218
        },
        "xmin": {
            "estimated": 4.34472,
            "CI": [
                4.0,
                5.0
            ],
            "pvalue": 0.27952
        }
    }
}