{
    "observed": {
        "alpha": 2.7784920683337013,
        "xmin": 6.0,
        "D": 0.012463446994306848,
        "percentage": 49.3
    },
    "comparisons": {
        "truncated_power_law": {
            "likelihood-ratio": -0.9429672301957561,
            "pvalue": 0.16966118774697425
        },
        "exponential": {
            "likelihood-ratio": 66.041320778381,
            "pvalue": 0.0015912841990846436
        },
        "stretched_exponential": {
            "likelihood-ratio": -0.5317170195841316,
            "pvalue": 0.7498863366878334
        },
        "lognormal": {
            "likelihood-ratio": -0.7431245235650064,
            "pvalue": 0.4555808163931663
        }
    },
    "bootstrap": {
        "alpha": {
            "estimated": 2.832541011645617,
            "CI": [
                2.5577074075396173,
                3.041269692884451
            ],
            "pvalue": 0.70277
        },
        "xmin": {
            "estimated": 7.57028,
            "CI": [
                4.0,
                11.0
            ],
            "pvalue": 0.92305
        },
        "D": {
            "estimated": 0.01840246399932283,
            "CI": [
                0.011657001067287887,
                0.02701633616763565
            ],
            "pvalue": 0.91388
        }
    }
}