{
    "observed": {
        "alpha": 1.3155419044369354,
        "xmin": 3.0,
        "D": 0.22115784168461433,
        "percentage": 89.35
    },
    "comparisons": {
        "truncated_power_law": {
            "likelihood-ratio": -360.5409169757363,
            "pvalue": 0.0
        },
        "exponential": {
            "likelihood-ratio": -375.6921890110586,
            "pvalue": 3.2602755945633276e-22
        },
        "stretched_exponential": {
            "likelihood-ratio": -441.37802552050664,
            "pvalue": 7.983282310579904e-64
        },
        "lognormal": {
            "likelihood-ratio": -358.32714783919386,
            "pvalue": 2.5173791501542476e-61
        }
    },
    "bootstrap": {
        "D": {
            "estimated": 0.019649039819234368,
            "CI": [
                0.013032230237555415,
                0.027834170843529567
            ],
            "pvalue": 0.0
        },
        "alpha": {
            "estimated": 1.32484332227371,
            "CI": [
                1.2827323797479588,
                1.3536226485397447
            ],
            "pvalue": 0.64562
        },
        "xmin": {
            "estimated": 3.33281,
            "CI": [
                2.0,
                4.0
            ],
            "pvalue": 0.845
        }
    }
}