{
    "observed": {
        "alpha": 1.3164039787854065,
        "xmin": 3.0,
        "D": 0.22054833233026705,
        "percentage": 89.57
    },
    "comparisons": {
        "truncated_power_law": {
            "likelihood-ratio": -355.33628718062334,
            "pvalue": 0.0
        },
        "exponential": {
            "likelihood-ratio": -365.6426842874597,
            "pvalue": 2.825669137428737e-21
        },
        "stretched_exponential": {
            "likelihood-ratio": -432.81339380316734,
            "pvalue": 9.61722725996916e-63
        },
        "lognormal": {
            "likelihood-ratio": -351.5832357025751,
            "pvalue": 1.5510138201211436e-60
        }
    },
    "bootstrap": {
        "D": {
            "estimated": 0.019711663361099262,
            "CI": [
                0.013107987798924092,
                0.027883854738272543
            ],
            "pvalue": 0.0
        },
        "alpha": {
            "estimated": 1.325015828077031,
            "CI": [
                1.2828392598587623,
                1.3562466536235571
            ],
            "pvalue": 0.63763
        },
        "xmin": {
            "estimated": 3.32647,
            "CI": [
                2.0,
                4.0
            ],
            "pvalue": 0.81961
        }
    }
}