{
    "observed": {
        "alpha": 1.3155419044369354,
        "xmin": 3.0,
        "D": 0.22115784168461433,
        "percentage": 89.35
    },
    "comparisons": {
        "truncated_power_law": {
            "likelihood-ratio": -360.5409169757363,
            "pvalue": 0.0
        },
        "exponential": {
            "likelihood-ratio": -375.6921890110586,
            "pvalue": 3.2602755945633276e-22
        },
        "stretched_exponential": {
            "likelihood-ratio": -441.37802552050664,
            "pvalue": 7.983282310579904e-64
        },
        "lognormal": {
            "likelihood-ratio": -358.32714783919386,
            "pvalue": 2.5173791501542476e-61
        }
    },
    "bootstrap": {
        "D": {
            "estimated": 0.019660896484148135,
            "CI": [
                0.013001904165058866,
                0.02786636079695518
            ],
            "pvalue": 0.0
        },
        "alpha": {
            "estimated": 1.324799016626495,
            "CI": [
                1.2826355522934587,
                1.3535079432925057
            ],
            "pvalue": 0.64518
        },
        "xmin": {
            "estimated": 3.33202,
            "CI": [
                2.0,
                4.0
            ],
            "pvalue": 0.84301
        }
    }
}