{
    "observed": {
        "alpha": 1.3155419044369354,
        "xmin": 3.0,
        "D": 0.22115784168461433,
        "percentage": 89.35
    },
    "comparisons": {
        "truncated_power_law": {
            "likelihood-ratio": -360.5409169757363,
            "pvalue": 0.0
        },
        "exponential": {
            "likelihood-ratio": -375.6921890110586,
            "pvalue": 3.2602755945633276e-22
        },
        "stretched_exponential": {
            "likelihood-ratio": -441.37802552050664,
            "pvalue": 7.983282310579904e-64
        },
        "lognormal": {
            "likelihood-ratio": -358.32714783919386,
            "pvalue": 2.5173791501542476e-61
        }
    },
    "bootstrap": {
        "D": {
            "estimated": 0.019672369271822712,
            "CI": [
                0.013033659102061616,
                0.027833626461348553
            ],
            "pvalue": 0.0
        },
        "alpha": {
            "estimated": 1.3247866904749517,
            "CI": [
                1.2827042542364613,
                1.353490239745516
            ],
            "pvalue": 0.64431
        },
        "xmin": {
            "estimated": 3.3311,
            "CI": [
                2.0,
                4.0
            ],
            "pvalue": 0.84302
        }
    }
}