{
    "observed": {
        "alpha": 1.342688402324575,
        "xmin": 4.0,
        "D": 0.22070666719758425,
        "percentage": 87.33
    },
    "comparisons": {
        "truncated_power_law": {
            "likelihood-ratio": -329.3933296763039,
            "pvalue": 0.0
        },
        "exponential": {
            "likelihood-ratio": -349.2874620732912,
            "pvalue": 1.0033287611756648e-21
        },
        "stretched_exponential": {
            "likelihood-ratio": -397.776239850632,
            "pvalue": 1.6586532111783383e-54
        },
        "lognormal": {
            "likelihood-ratio": -317.1711878225502,
            "pvalue": 1.080033951510675e-51
        }
    },
    "bootstrap": {
        "D": {
            "estimated": 0.019488675494494047,
            "CI": [
                0.012897446357396564,
                0.02761131139914694
            ],
            "pvalue": 0.0
        },
        "alpha": {
            "estimated": 1.332170918465347,
            "CI": [
                1.2850491558240393,
                1.3628209438237524
            ],
            "pvalue": 0.38413
        },
        "xmin": {
            "estimated": 3.65135,
            "CI": [
                2.0,
                5.0
            ],
            "pvalue": 0.63919
        }
    }
}