{
    "observed": {
        "alpha": 1.3155419044369354,
        "xmin": 3.0,
        "D": 0.22115784168461433,
        "percentage": 89.28
    },
    "comparisons": {
        "truncated_power_law": {
            "likelihood-ratio": -360.5409169757363,
            "pvalue": 0.0
        },
        "exponential": {
            "likelihood-ratio": -375.6921890110586,
            "pvalue": 3.2602755945633276e-22
        },
        "stretched_exponential": {
            "likelihood-ratio": -441.37802552050664,
            "pvalue": 7.983282310579904e-64
        },
        "lognormal": {
            "likelihood-ratio": -358.32714783919386,
            "pvalue": 2.5173791501542476e-61
        }
    },
    "bootstrap": {
        "D": {
            "estimated": 0.019628595273482912,
            "CI": [
                0.013016843736708687,
                0.02776885327424719
            ],
            "pvalue": 0.0
        },
        "alpha": {
            "estimated": 1.3249697957490543,
            "CI": [
                1.2827277079954742,
                1.3535375604622217
            ],
            "pvalue": 0.64825
        },
        "xmin": {
            "estimated": 3.33805,
            "CI": [
                2.0,
                4.0
            ],
            "pvalue": 0.84524
        }
    }
}