{
    "observed": {
        "alpha": 1.8943386602428474,
        "xmin": 2.0,
        "D": 0.05224753509474134,
        "percentage": 62.9
    },
    "comparisons": {
        "truncated_power_law": {
            "likelihood-ratio": -8.497223913941625,
            "pvalue": 3.7489285566350006e-05
        },
        "exponential": {
            "likelihood-ratio": 13.641727075898624,
            "pvalue": 0.10869247365919411
        },
        "stretched_exponential": {
            "likelihood-ratio": -7.427417156208949,
            "pvalue": 0.003511016856696344
        },
        "lognormal": {
            "likelihood-ratio": -6.579198587428685,
            "pvalue": 0.005524328453307955
        }
    },
    "bootstrap": {
        "D": {
            "estimated": 0.04600526058702861,
            "CI": [
                0.02632941916350307,
                0.06998801635950229
            ],
            "pvalue": 0.30043
        },
        "alpha": {
            "estimated": 1.9996851942093359,
            "CI": [
                1.633306580738305,
                2.1783640359205907
            ],
            "pvalue": 0.59563
        },
        "xmin": {
            "estimated": 2.45104,
            "CI": [
                1.0,
                3.0
            ],
            "pvalue": 0.94496
        }
    }
}