{
    "observed": {
        "alpha": 1.892768498357126,
        "xmin": 2.0,
        "D": 0.05512918262206101,
        "percentage": 62.28
    },
    "comparisons": {
        "truncated_power_law": {
            "likelihood-ratio": -8.648008108498662,
            "pvalue": 3.19856725982115e-05
        },
        "exponential": {
            "likelihood-ratio": 13.708521629188422,
            "pvalue": 0.10616868941245987
        },
        "stretched_exponential": {
            "likelihood-ratio": -7.560121286729744,
            "pvalue": 0.0030539693277297116
        },
        "lognormal": {
            "likelihood-ratio": -6.709599558660446,
            "pvalue": 0.004871766484283703
        }
    },
    "bootstrap": {
        "D": {
            "estimated": 0.04588477801865229,
            "CI": [
                0.026176068342355894,
                0.06983233926023966
            ],
            "pvalue": 0.23375
        },
        "alpha": {
            "estimated": 1.9999198963376061,
            "CI": [
                1.6164548898613895,
                2.1831946947848158
            ],
            "pvalue": 0.58579
        },
        "xmin": {
            "estimated": 2.45708,
            "CI": [
                1.0,
                3.0
            ],
            "pvalue": 0.92323
        }
    }
}