{
    "observed": {
        "alpha": 1.892768498357126,
        "xmin": 2.0,
        "D": 0.05512918262206101,
        "percentage": 61.86
    },
    "comparisons": {
        "truncated_power_law": {
            "likelihood-ratio": -8.648008108498662,
            "pvalue": 3.19856725982115e-05
        },
        "exponential": {
            "likelihood-ratio": 13.708521629188422,
            "pvalue": 0.10616868941245987
        },
        "stretched_exponential": {
            "likelihood-ratio": -7.560121286729744,
            "pvalue": 0.0030539693277297116
        },
        "lognormal": {
            "likelihood-ratio": -6.709599558660446,
            "pvalue": 0.004871766484283703
        }
    },
    "bootstrap": {
        "D": {
            "estimated": 0.045844678770610145,
            "CI": [
                0.02623043839696513,
                0.06971824946071928
            ],
            "pvalue": 0.23297
        },
        "alpha": {
            "estimated": 2.0016125839452337,
            "CI": [
                1.6155231061029693,
                2.181474838527862
            ],
            "pvalue": 0.58524
        },
        "xmin": {
            "estimated": 2.45789,
            "CI": [
                1.0,
                3.0
            ],
            "pvalue": 0.91722
        }
    }
}