{
    "observed": {
        "alpha": 1.898064951480261,
        "xmin": 2.0,
        "D": 0.05074752746934286,
        "percentage": 62.81
    },
    "comparisons": {
        "truncated_power_law": {
            "likelihood-ratio": -8.303220830306792,
            "pvalue": 4.599453797249353e-05
        },
        "exponential": {
            "likelihood-ratio": 14.41102709794739,
            "pvalue": 0.0917099770071749
        },
        "stretched_exponential": {
            "likelihood-ratio": -7.209600575213977,
            "pvalue": 0.003902152877245814
        },
        "lognormal": {
            "likelihood-ratio": -6.367362418167685,
            "pvalue": 0.006045352056085964
        }
    },
    "bootstrap": {
        "D": {
            "estimated": 0.04595764290510238,
            "CI": [
                0.02621129622126683,
                0.06980713006701678
            ],
            "pvalue": 0.33543
        },
        "alpha": {
            "estimated": 1.9955826383209534,
            "CI": [
                1.7794384819903157,
                2.174080780040677
            ],
            "pvalue": 0.58847
        },
        "xmin": {
            "estimated": 2.41337,
            "CI": [
                2.0,
                3.0
            ],
            "pvalue": 0.95195
        }
    }
}