{
    "observed": {
        "alpha": 1.898064951480261,
        "xmin": 2.0,
        "D": 0.05074752746934286,
        "percentage": 62.81
    },
    "comparisons": {
        "truncated_power_law": {
            "likelihood-ratio": -8.303220830306792,
            "pvalue": 4.599453797249353e-05
        },
        "exponential": {
            "likelihood-ratio": 14.41102709794739,
            "pvalue": 0.0917099770071749
        },
        "stretched_exponential": {
            "likelihood-ratio": -7.209600575213977,
            "pvalue": 0.003902152877245814
        },
        "lognormal": {
            "likelihood-ratio": -6.367362418167685,
            "pvalue": 0.006045352056085964
        }
    },
    "bootstrap": {
        "D": {
            "estimated": 0.045830569679271085,
            "CI": [
                0.02624951237208682,
                0.0698217802172047
            ],
            "pvalue": 0.33101
        },
        "alpha": {
            "estimated": 1.993397891714449,
            "CI": [
                1.7855749068402953,
                2.173248254902525
            ],
            "pvalue": 0.58994
        },
        "xmin": {
            "estimated": 2.40757,
            "CI": [
                2.0,
                3.0
            ],
            "pvalue": 0.95281
        }
    }
}