{
    "observed": {
        "alpha": 1.892768498357126,
        "xmin": 2.0,
        "D": 0.05512918262206101,
        "percentage": 62.5
    },
    "comparisons": {
        "truncated_power_law": {
            "likelihood-ratio": -8.648008108498662,
            "pvalue": 3.19856725982115e-05
        },
        "exponential": {
            "likelihood-ratio": 13.708521629188422,
            "pvalue": 0.10616868941245987
        },
        "stretched_exponential": {
            "likelihood-ratio": -7.560121286729744,
            "pvalue": 0.0030539693277297116
        },
        "lognormal": {
            "likelihood-ratio": -6.709599558660446,
            "pvalue": 0.004871766484283703
        }
    },
    "bootstrap": {
        "D": {
            "estimated": 0.04577359155105104,
            "CI": [
                0.02613109255949652,
                0.06964384996072798
            ],
            "pvalue": 0.23152
        },
        "alpha": {
            "estimated": 2.005565061338976,
            "CI": [
                1.6179874663514677,
                2.181537655524138
            ],
            "pvalue": 0.58909
        },
        "xmin": {
            "estimated": 2.47481,
            "CI": [
                1.0,
                3.0
            ],
            "pvalue": 0.92767
        }
    }
}