{
    "observed": {
        "alpha": 1.898064951480261,
        "xmin": 2.0,
        "D": 0.05074752746934286,
        "percentage": 63.03
    },
    "comparisons": {
        "truncated_power_law": {
            "likelihood-ratio": -8.303220830306792,
            "pvalue": 4.599453797249353e-05
        },
        "exponential": {
            "likelihood-ratio": 14.41102709794739,
            "pvalue": 0.0917099770071749
        },
        "stretched_exponential": {
            "likelihood-ratio": -7.209600575213977,
            "pvalue": 0.003902152877245814
        },
        "lognormal": {
            "likelihood-ratio": -6.367362418167685,
            "pvalue": 0.006045352056085964
        }
    },
    "bootstrap": {
        "D": {
            "estimated": 0.045926740752518555,
            "CI": [
                0.02621479288720127,
                0.06998521715133196
            ],
            "pvalue": 0.33458
        },
        "alpha": {
            "estimated": 1.9948953051049236,
            "CI": [
                1.7897800825081176,
                2.1754929818645863
            ],
            "pvalue": 0.59035
        },
        "xmin": {
            "estimated": 2.41441,
            "CI": [
                2.0,
                3.0
            ],
            "pvalue": 0.95434
        }
    }
}