{
    "observed": {
        "alpha": 1.8925204100341777,
        "xmin": 2.0,
        "D": 0.05180651725202767,
        "percentage": 64.49
    },
    "comparisons": {
        "truncated_power_law": {
            "likelihood-ratio": -8.546800124493394,
            "pvalue": 3.558200458630978e-05
        },
        "exponential": {
            "likelihood-ratio": 13.601641983707072,
            "pvalue": 0.11226997219596627
        },
        "stretched_exponential": {
            "likelihood-ratio": -7.409504438088927,
            "pvalue": 0.003922150505119044
        },
        "lognormal": {
            "likelihood-ratio": -6.494760346722671,
            "pvalue": 0.005985118936648368
        }
    },
    "bootstrap": {
        "D": {
            "estimated": 0.04601507426093186,
            "CI": [
                0.026315719881617006,
                0.07003294678408803
            ],
            "pvalue": 0.30902
        },
        "alpha": {
            "estimated": 1.9987300422424155,
            "CI": [
                1.8064816546707627,
                2.1709067421848727
            ],
            "pvalue": 0.58502
        },
        "xmin": {
            "estimated": 2.45729,
            "CI": [
                2.0,
                3.0
            ],
            "pvalue": 0.96799
        }
    }
}