{
    "observed": {
        "alpha": 1.892768498357126,
        "xmin": 2.0,
        "D": 0.05512918262206101,
        "percentage": 62.07
    },
    "comparisons": {
        "truncated_power_law": {
            "likelihood-ratio": -8.648008108498662,
            "pvalue": 3.19856725982115e-05
        },
        "exponential": {
            "likelihood-ratio": 13.708521629188422,
            "pvalue": 0.10616868941245987
        },
        "stretched_exponential": {
            "likelihood-ratio": -7.560121286729744,
            "pvalue": 0.0030539693277297116
        },
        "lognormal": {
            "likelihood-ratio": -6.709599558660446,
            "pvalue": 0.004871766484283703
        }
    },
    "bootstrap": {
        "D": {
            "estimated": 0.04578334916161495,
            "CI": [
                0.026165697870201968,
                0.06960167071577865
            ],
            "pvalue": 0.23257
        },
        "alpha": {
            "estimated": 1.9980852899146564,
            "CI": [
                1.6161543904748394,
                2.180925071390497
            ],
            "pvalue": 0.58522
        },
        "xmin": {
            "estimated": 2.44695,
            "CI": [
                1.0,
                3.0
            ],
            "pvalue": 0.92067
        }
    }
}