{
    "observed": {
        "alpha": 1.898064951480261,
        "xmin": 2.0,
        "D": 0.05074752746934286,
        "percentage": 62.15
    },
    "comparisons": {
        "truncated_power_law": {
            "likelihood-ratio": -8.011679601263324,
            "pvalue": 6.256577099617022e-05
        },
        "exponential": {
            "likelihood-ratio": 15.714579524995644,
            "pvalue": 0.06576346304828876
        },
        "stretched_exponential": {
            "likelihood-ratio": -6.7958864815013085,
            "pvalue": 0.004813385884437198
        },
        "lognormal": {
            "likelihood-ratio": -5.92176546665504,
            "pvalue": 0.0070703362381322795
        }
    },
    "bootstrap": {
        "D": {
            "estimated": 0.045902808041256085,
            "CI": [
                0.0260485758619834,
                0.0698181659792537
            ],
            "pvalue": 0.3344
        },
        "alpha": {
            "estimated": 1.97468584819177,
            "CI": [
                1.6297372080799075,
                2.141366986906356
            ],
            "pvalue": 0.55336
        },
        "xmin": {
            "estimated": 2.31171,
            "CI": [
                1.0,
                3.0
            ],
            "pvalue": 0.93844
        }
    }
}