{
    "observed": {
        "alpha": 1.9501572269094178,
        "xmin": 7.0,
        "D": 0.009228863880260563,
        "percentage": 15.69
    },
    "comparisons": {
        "truncated_power_law": {
            "likelihood-ratio": -0.917123083373983,
            "pvalue": 0.1756268316869548
        },
        "exponential": {
            "likelihood-ratio": 3025.0229258679205,
            "pvalue": 6.485614241379581e-20
        },
        "stretched_exponential": {
            "likelihood-ratio": 19.388040392506536,
            "pvalue": 0.001074578595706534
        },
        "lognormal": {
            "likelihood-ratio": 0.008785246720842022,
            "pvalue": 0.9492243713193919
        }
    },
    "bootstrap": {
        "D": {
            "estimated": 0.011439759172453493,
            "CI": [
                0.007181630220368207,
                0.01666049680926648
            ],
            "pvalue": 0.76144
        },
        "alpha": {
            "estimated": 1.9323895670429057,
            "CI": [
                1.8727955587090341,
                1.980127499203512
            ],
            "pvalue": 0.33438
        },
        "xmin": {
            "estimated": 5.85219,
            "CI": [
                3.0,
                8.0
            ],
            "pvalue": 0.31419
        }
    }
}