{
    "observed": {
        "alpha": 2.9764193238959304,
        "xmin": 3.0,
        "D": 0.054153402766324965,
        "percentage": 18.65
    },
    "comparisons": {
        "truncated_power_law": {
            "likelihood-ratio": -4.205552345711152,
            "pvalue": 0.003729359814574007
        },
        "exponential": {
            "likelihood-ratio": -3.12093641789966,
            "pvalue": 0.3541935283634672
        },
        "stretched_exponential": {
            "likelihood-ratio": -4.191773103041984,
            "pvalue": 0.03566357395692269
        },
        "lognormal": {
            "likelihood-ratio": -4.113010459626704,
            "pvalue": 0.05055561689751957
        }
    },
    "bootstrap": {
        "D": {
            "estimated": 0.04181801478328127,
            "CI": [
                0.02343919792227849,
                0.06073974232340081
            ],
            "pvalue": 0.14567
        },
        "alpha": {
            "estimated": 3.046946625603744,
            "CI": [
                2.477792663486313,
                4.5195324887656
            ],
            "pvalue": 0.43064
        },
        "xmin": {
            "estimated": 2.90494,
            "CI": [
                2.0,
                5.0
            ],
            "pvalue": 0.54063
        }
    }
}