{
    "observed": {
        "alpha": 2.5548771212537202,
        "xmin": 2.0,
        "D": 0.059580838690067806,
        "percentage": 38.34
    },
    "comparisons": {
        "truncated_power_law": {
            "likelihood-ratio": -9.840580818330373,
            "pvalue": 9.149893954396582e-06
        },
        "exponential": {
            "likelihood-ratio": -4.543046741474741,
            "pvalue": 0.46051324946700456
        },
        "stretched_exponential": {
            "likelihood-ratio": -9.72661046347263,
            "pvalue": 0.000570741214449685
        },
        "lognormal": {
            "likelihood-ratio": -9.378637029840819,
            "pvalue": 0.0009784272248315553
        }
    },
    "bootstrap": {
        "D": {
            "estimated": 0.041303354756560086,
            "CI": [
                0.02300078586707463,
                0.06393435978055934
            ],
            "pvalue": 0.08668
        },
        "alpha": {
            "estimated": 3.0153082500771644,
            "CI": [
                2.472532372388675,
                4.545497924994075
            ],
            "pvalue": 0.73126
        },
        "xmin": {
            "estimated": 2.84189,
            "CI": [
                2.0,
                6.0
            ],
            "pvalue": 1.0
        }
    }
}