{
    "observed": {
        "alpha": 2.553742124857248,
        "xmin": 2.0,
        "D": 0.05894896277225514,
        "percentage": 38.6
    },
    "comparisons": {
        "truncated_power_law": {
            "likelihood-ratio": -9.480373486225186,
            "pvalue": 1.3343553648570428e-05
        },
        "exponential": {
            "likelihood-ratio": -3.878202325618271,
            "pvalue": 0.526972845797623
        },
        "stretched_exponential": {
            "likelihood-ratio": -9.310482176116272,
            "pvalue": 0.0006495416920026024
        },
        "lognormal": {
            "likelihood-ratio": -8.878535261133788,
            "pvalue": 0.0010621813599091025
        }
    },
    "bootstrap": {
        "D": {
            "estimated": 0.041417975432955244,
            "CI": [
                0.023013938275119696,
                0.06438647322652369
            ],
            "pvalue": 0.09648
        },
        "alpha": {
            "estimated": 2.9736370353081933,
            "CI": [
                2.466299869312611,
                4.549826586737858
            ],
            "pvalue": 0.69676
        },
        "xmin": {
            "estimated": 2.77134,
            "CI": [
                2.0,
                6.0
            ],
            "pvalue": 1.0
        }
    }
}