{
    "observed": {
        "alpha": 2.5555584591800793,
        "xmin": 2.0,
        "D": 0.0583512322542713,
        "percentage": 38.47
    },
    "comparisons": {
        "truncated_power_law": {
            "likelihood-ratio": -9.37730068438192,
            "pvalue": 1.4866422139769853e-05
        },
        "exponential": {
            "likelihood-ratio": -3.7333258252458874,
            "pvalue": 0.5419357880155871
        },
        "stretched_exponential": {
            "likelihood-ratio": -9.223737189383478,
            "pvalue": 0.0006731775199061968
        },
        "lognormal": {
            "likelihood-ratio": -8.834046927828151,
            "pvalue": 0.001128085038666517
        }
    },
    "bootstrap": {
        "D": {
            "estimated": 0.04147249419813049,
            "CI": [
                0.023055792225437008,
                0.06440872016108706
            ],
            "pvalue": 0.10328
        },
        "alpha": {
            "estimated": 2.974272538679838,
            "CI": [
                2.4681803219576577,
                4.547214319375134
            ],
            "pvalue": 0.69557
        },
        "xmin": {
            "estimated": 2.76483,
            "CI": [
                2.0,
                5.0
            ],
            "pvalue": 1.0
        }
    }
}