{
    "observed": {
        "alpha": 2.5548771212537202,
        "xmin": 2.0,
        "D": 0.059580838690067806,
        "percentage": 38.29
    },
    "comparisons": {
        "truncated_power_law": {
            "likelihood-ratio": -9.840580818330373,
            "pvalue": 9.149893954396582e-06
        },
        "exponential": {
            "likelihood-ratio": -4.543046741474741,
            "pvalue": 0.46051324946700456
        },
        "stretched_exponential": {
            "likelihood-ratio": -9.72661046347263,
            "pvalue": 0.000570741214449685
        },
        "lognormal": {
            "likelihood-ratio": -9.378637029840819,
            "pvalue": 0.0009784272248315553
        }
    },
    "bootstrap": {
        "D": {
            "estimated": 0.041292581128524346,
            "CI": [
                0.02298960363366687,
                0.06394635132900049
            ],
            "pvalue": 0.0865
        },
        "alpha": {
            "estimated": 3.009399778407005,
            "CI": [
                2.4709452405341636,
                4.531242383356708
            ],
            "pvalue": 0.73187
        },
        "xmin": {
            "estimated": 2.83343,
            "CI": [
                2.0,
                5.0
            ],
            "pvalue": 1.0
        }
    }
}