{
    "observed": {
        "alpha": 2.973894578898852,
        "xmin": 3.0,
        "D": 0.05991110441172187,
        "percentage": 18.32
    },
    "comparisons": {
        "truncated_power_law": {
            "likelihood-ratio": -4.898918668392895,
            "pvalue": 0.0017471722328560313
        },
        "exponential": {
            "likelihood-ratio": -4.339953552378027,
            "pvalue": 0.19403876495665118
        },
        "stretched_exponential": {
            "likelihood-ratio": -4.943689574676965,
            "pvalue": 0.029524142246947382
        },
        "lognormal": {
            "likelihood-ratio": -5.026332274258564,
            "pvalue": 0.042646870024055254
        }
    },
    "bootstrap": {
        "D": {
            "estimated": 0.0417302463829085,
            "CI": [
                0.02373303192580175,
                0.060070955568952956
            ],
            "pvalue": 0.05125
        },
        "alpha": {
            "estimated": 3.0550152619121236,
            "CI": [
                2.4854631682401407,
                4.85492086514022
            ],
            "pvalue": 0.34627
        },
        "xmin": {
            "estimated": 2.80599,
            "CI": [
                2.0,
                6.0
            ],
            "pvalue": 0.4132
        }
    }
}