{
    "observed": {
        "alpha": 2.967617932878234,
        "xmin": 3.0,
        "D": 0.0551692039720707,
        "percentage": 18.52
    },
    "comparisons": {
        "truncated_power_law": {
            "likelihood-ratio": -4.330565951132983,
            "pvalue": 0.003250693071905175
        },
        "exponential": {
            "likelihood-ratio": -3.334942457844691,
            "pvalue": 0.31944439673000635
        },
        "stretched_exponential": {
            "likelihood-ratio": -4.322123958150007,
            "pvalue": 0.03350031084843395
        },
        "lognormal": {
            "likelihood-ratio": -4.252271024835169,
            "pvalue": 0.04801439286521689
        }
    },
    "bootstrap": {
        "D": {
            "estimated": 0.04170595140888397,
            "CI": [
                0.02353085755744837,
                0.06032992803664189
            ],
            "pvalue": 0.11956
        },
        "alpha": {
            "estimated": 3.024929789263624,
            "CI": [
                2.478551690379381,
                4.5055007509267435
            ],
            "pvalue": 0.40989
        },
        "xmin": {
            "estimated": 2.86517,
            "CI": [
                2.0,
                5.0
            ],
            "pvalue": 0.50648
        }
    }
}