{
    "observed": {
        "alpha": 2.556116044967388,
        "xmin": 2.0,
        "D": 0.05853451668718046,
        "percentage": 38.6
    },
    "comparisons": {
        "truncated_power_law": {
            "likelihood-ratio": -9.383776157940108,
            "pvalue": 1.4765806037986273e-05
        },
        "exponential": {
            "likelihood-ratio": -3.696296406413687,
            "pvalue": 0.5467558664993091
        },
        "stretched_exponential": {
            "likelihood-ratio": -9.219097603325537,
            "pvalue": 0.0006709406376822519
        },
        "lognormal": {
            "likelihood-ratio": -8.807225832734709,
            "pvalue": 0.001107831963290894
        }
    },
    "bootstrap": {
        "D": {
            "estimated": 0.04141184934716251,
            "CI": [
                0.02306885710420728,
                0.06414348406323367
            ],
            "pvalue": 0.0987
        },
        "alpha": {
            "estimated": 2.9694349239556295,
            "CI": [
                2.468140082887927,
                4.537477014003057
            ],
            "pvalue": 0.69524
        },
        "xmin": {
            "estimated": 2.75794,
            "CI": [
                2.0,
                5.0
            ],
            "pvalue": 1.0
        }
    }
}