{
    "observed": {
        "alpha": 2.564511199809294,
        "xmin": 2.0,
        "D": 0.058722476910235244,
        "percentage": 39.24
    },
    "comparisons": {
        "truncated_power_law": {
            "likelihood-ratio": -9.424607843772744,
            "pvalue": 1.4146925862323911e-05
        },
        "exponential": {
            "likelihood-ratio": -3.5736433453274117,
            "pvalue": 0.5648890226933293
        },
        "stretched_exponential": {
            "likelihood-ratio": -9.26517490436272,
            "pvalue": 0.000656390021580616
        },
        "lognormal": {
            "likelihood-ratio": -8.864288235069925,
            "pvalue": 0.0010804599364626045
        }
    },
    "bootstrap": {
        "D": {
            "estimated": 0.041249595036147724,
            "CI": [
                0.023010757789344943,
                0.06408562570069663
            ],
            "pvalue": 0.0954
        },
        "alpha": {
            "estimated": 2.98304254490547,
            "CI": [
                2.479130127105271,
                4.515832753892837
            ],
            "pvalue": 0.70873
        },
        "xmin": {
            "estimated": 2.77626,
            "CI": [
                2.0,
                5.0
            ],
            "pvalue": 1.0
        }
    }
}