{
    "observed": {
        "alpha": 2.7866337974820343,
        "xmin": 7.0,
        "D": 0.018220689788476574,
        "percentage": 100.0
    },
    "comparisons": {
        "truncated_power_law": {
            "likelihood-ratio": -1.0677769668735015,
            "pvalue": 0.1439184658688326
        },
        "exponential": {
            "likelihood-ratio": 154.66980193039754,
            "pvalue": 1.235318178042598e-08
        },
        "stretched_exponential": {
            "likelihood-ratio": 1.1751576092188802,
            "pvalue": 0.6151126270250044
        },
        "lognormal": {
            "likelihood-ratio": -0.4407690029033744,
            "pvalue": 0.5238878514031374
        }
    },
    "bootstrap": {
        "D": {
            "estimated": 0.01791763506541511,
            "CI": [
                0.010637659268260205,
                0.027109006557533323
            ],
            "pvalue": 0.43373
        },
        "alpha": {
            "estimated": 2.8228888006707584,
            "CI": [
                2.6948123223626346,
                3.0096922958365946
            ],
            "pvalue": 0.59739
        },
        "xmin": {
            "estimated": 8.53362,
            "CI": [
                7.0,
                12.0
            ],
            "pvalue": 1.0
        }
    }
}