{
    "observed": {
        "alpha": 3.420444874256215,
        "xmin": 12.0,
        "D": 0.07292293725002719,
        "percentage": 20.34
    },
    "comparisons": {
        "truncated_power_law": {
            "likelihood-ratio": -0.576708322603765,
            "pvalue": 0.2828350666492734
        },
        "exponential": {
            "likelihood-ratio": 0.9057781782740091,
            "pvalue": 0.6900491502548567
        },
        "stretched_exponential": {
            "likelihood-ratio": -0.41574402772799735,
            "pvalue": 0.5783394585247654
        },
        "lognormal": {
            "likelihood-ratio": -0.3284368959482067,
            "pvalue": 0.5890509801477573
        }
    },
    "bootstrap": {
        "D": {
            "estimated": 0.062182847813817506,
            "CI": [
                0.03814284119843379,
                0.09023524929350311
            ],
            "pvalue": 0.2416
        },
        "alpha": {
            "estimated": 3.7611586592993107,
            "CI": [
                2.772592409352395,
                6.91687224712991
            ],
            "pvalue": 0.45907
        },
        "xmin": {
            "estimated": 12.90683,
            "CI": [
                8.0,
                25.0
            ],
            "pvalue": 0.59486
        }
    }
}