{
    "observed": {
        "alpha": 3.420444874256215,
        "xmin": 12.0,
        "D": 0.07292293725002719,
        "percentage": 20.27
    },
    "comparisons": {
        "truncated_power_law": {
            "likelihood-ratio": -0.576708322603765,
            "pvalue": 0.2828350666492734
        },
        "exponential": {
            "likelihood-ratio": 0.9057781782740091,
            "pvalue": 0.6900491502548567
        },
        "stretched_exponential": {
            "likelihood-ratio": -0.41574402772799735,
            "pvalue": 0.5783394585247654
        },
        "lognormal": {
            "likelihood-ratio": -0.3284368959482067,
            "pvalue": 0.5890509801477573
        }
    },
    "bootstrap": {
        "D": {
            "estimated": 0.06210860322350324,
            "CI": [
                0.03803165818732247,
                0.09013577172931543
            ],
            "pvalue": 0.23985
        },
        "alpha": {
            "estimated": 3.7693686627292475,
            "CI": [
                2.77363736140583,
                6.97306011857604
            ],
            "pvalue": 0.45883
        },
        "xmin": {
            "estimated": 12.92376,
            "CI": [
                8.0,
                25.0
            ],
            "pvalue": 0.59699
        }
    }
}