{
    "observed": {
        "alpha": 3.420444874256215,
        "xmin": 12.0,
        "D": 0.07292293725002719,
        "percentage": 20.14
    },
    "comparisons": {
        "truncated_power_law": {
            "likelihood-ratio": -0.576708322603765,
            "pvalue": 0.2828350666492734
        },
        "exponential": {
            "likelihood-ratio": 0.9057781782740091,
            "pvalue": 0.6900491502548567
        },
        "stretched_exponential": {
            "likelihood-ratio": -0.41574402772799735,
            "pvalue": 0.5783394585247654
        },
        "lognormal": {
            "likelihood-ratio": -0.3284368959482067,
            "pvalue": 0.5890509801477573
        }
    },
    "bootstrap": {
        "D": {
            "estimated": 0.06215674212001506,
            "CI": [
                0.038094799843219534,
                0.09011081435581685
            ],
            "pvalue": 0.24145
        },
        "alpha": {
            "estimated": 3.7672290646750577,
            "CI": [
                2.7715940805487604,
                6.953159950230537
            ],
            "pvalue": 0.45765
        },
        "xmin": {
            "estimated": 12.91592,
            "CI": [
                8.0,
                25.0
            ],
            "pvalue": 0.5953
        }
    }
}