{
    "observed": {
        "alpha": 3.4445080161788404,
        "xmin": 12.0,
        "D": 0.0765192798769031,
        "percentage": 21.22
    },
    "comparisons": {
        "truncated_power_law": {
            "likelihood-ratio": -0.48741613596360933,
            "pvalue": 0.32347797389829047
        },
        "exponential": {
            "likelihood-ratio": 1.1790634272544902,
            "pvalue": 0.6101284649800369
        },
        "stretched_exponential": {
            "likelihood-ratio": -0.32897700654452144,
            "pvalue": 0.6209739671697798
        },
        "lognormal": {
            "likelihood-ratio": -0.2583936377343323,
            "pvalue": 0.629429130204616
        }
    },
    "bootstrap": {
        "D": {
            "estimated": 0.06271686217003065,
            "CI": [
                0.03820461795080564,
                0.09219551941849205
            ],
            "pvalue": 0.19582
        },
        "alpha": {
            "estimated": 4.073471623092272,
            "CI": [
                2.7295162923485794,
                7.301100560505953
            ],
            "pvalue": 0.60435
        },
        "xmin": {
            "estimated": 14.79725,
            "CI": [
                8.0,
                25.0
            ],
            "pvalue": 0.87265
        }
    }
}