{
    "observed": {
        "alpha": 3.4243513377149064,
        "xmin": 12.0,
        "D": 0.07350957458244167,
        "percentage": 20.63
    },
    "comparisons": {
        "truncated_power_law": {
            "likelihood-ratio": -0.5751086279154327,
            "pvalue": 0.2835036749900791
        },
        "exponential": {
            "likelihood-ratio": 0.9028757702925563,
            "pvalue": 0.6923363110456724
        },
        "stretched_exponential": {
            "likelihood-ratio": -0.4241342632901812,
            "pvalue": 0.5719252503067266
        },
        "lognormal": {
            "likelihood-ratio": -0.3401240402028287,
            "pvalue": 0.5828478977736016
        }
    },
    "bootstrap": {
        "D": {
            "estimated": 0.06240002409464008,
            "CI": [
                0.03808082413337784,
                0.09070341321853193
            ],
            "pvalue": 0.23808
        },
        "alpha": {
            "estimated": 3.778652180433153,
            "CI": [
                2.7907311580063308,
                6.746832133500728
            ],
            "pvalue": 0.47886
        },
        "xmin": {
            "estimated": 12.99278,
            "CI": [
                8.0,
                25.0
            ],
            "pvalue": 0.6191
        }
    }
}