{
    "observed": {
        "alpha": 3.4243513377149064,
        "xmin": 12.0,
        "D": 0.07350957458244167,
        "percentage": 20.56
    },
    "comparisons": {
        "truncated_power_law": {
            "likelihood-ratio": -0.5751086279154327,
            "pvalue": 0.2835036749900791
        },
        "exponential": {
            "likelihood-ratio": 0.9028757702925563,
            "pvalue": 0.6923363110456724
        },
        "stretched_exponential": {
            "likelihood-ratio": -0.4241342632901812,
            "pvalue": 0.5719252503067266
        },
        "lognormal": {
            "likelihood-ratio": -0.3401240402028287,
            "pvalue": 0.5828478977736016
        }
    },
    "bootstrap": {
        "D": {
            "estimated": 0.06239189757148934,
            "CI": [
                0.03821588268548568,
                0.09036057771719758
            ],
            "pvalue": 0.23679
        },
        "alpha": {
            "estimated": 3.787969127157865,
            "CI": [
                2.7946163402376767,
                6.77572951400384
            ],
            "pvalue": 0.48058
        },
        "xmin": {
            "estimated": 13.03083,
            "CI": [
                8.0,
                25.0
            ],
            "pvalue": 0.6226
        }
    }
}