{
    "observed": {
        "alpha": 3.4243513377149064,
        "xmin": 12.0,
        "D": 0.07350957458244167,
        "percentage": 20.56
    },
    "comparisons": {
        "truncated_power_law": {
            "likelihood-ratio": -0.5751086279154327,
            "pvalue": 0.2835036749900791
        },
        "exponential": {
            "likelihood-ratio": 0.9028757702925563,
            "pvalue": 0.6923363110456724
        },
        "stretched_exponential": {
            "likelihood-ratio": -0.4241342632901812,
            "pvalue": 0.5719252503067266
        },
        "lognormal": {
            "likelihood-ratio": -0.3401240402028287,
            "pvalue": 0.5828478977736016
        }
    },
    "bootstrap": {
        "D": {
            "estimated": 0.062263720038092614,
            "CI": [
                0.03795429021059376,
                0.09039575966331952
            ],
            "pvalue": 0.23469
        },
        "alpha": {
            "estimated": 3.7829739866323537,
            "CI": [
                2.791895647536395,
                6.748010591892379
            ],
            "pvalue": 0.48094
        },
        "xmin": {
            "estimated": 13.01581,
            "CI": [
                8.0,
                25.0
            ],
            "pvalue": 0.62166
        }
    }
}