{
    "observed": {
        "alpha": 3.4343789202040442,
        "xmin": 12.0,
        "D": 0.07501045117307947,
        "percentage": 20.7
    },
    "comparisons": {
        "truncated_power_law": {
            "likelihood-ratio": -0.5494434719932517,
            "pvalue": 0.29451050337377604
        },
        "exponential": {
            "likelihood-ratio": 0.9712761866917674,
            "pvalue": 0.6701475798645886
        },
        "stretched_exponential": {
            "likelihood-ratio": -0.3900156310765266,
            "pvalue": 0.5908403865568573
        },
        "lognormal": {
            "likelihood-ratio": -0.3076778115243719,
            "pvalue": 0.6008254876975359
        }
    },
    "bootstrap": {
        "D": {
            "estimated": 0.06225208025737065,
            "CI": [
                0.0380613934881947,
                0.09042869189101625
            ],
            "pvalue": 0.20787
        },
        "alpha": {
            "estimated": 3.805498772212633,
            "CI": [
                2.7955716112922024,
                6.852882709021724
            ],
            "pvalue": 0.46869
        },
        "xmin": {
            "estimated": 13.10709,
            "CI": [
                8.0,
                25.0
            ],
            "pvalue": 0.60783
        }
    }
}