{
    "observed": {
        "alpha": 3.420444874256215,
        "xmin": 12.0,
        "D": 0.07292293725002719,
        "percentage": 20.21
    },
    "comparisons": {
        "truncated_power_law": {
            "likelihood-ratio": -0.576708322603765,
            "pvalue": 0.2828350666492734
        },
        "exponential": {
            "likelihood-ratio": 0.9057781782740091,
            "pvalue": 0.6900491502548567
        },
        "stretched_exponential": {
            "likelihood-ratio": -0.41574402772799735,
            "pvalue": 0.5783394585247654
        },
        "lognormal": {
            "likelihood-ratio": -0.3284368959482067,
            "pvalue": 0.5890509801477573
        }
    },
    "bootstrap": {
        "D": {
            "estimated": 0.06216076064197181,
            "CI": [
                0.03809576715851332,
                0.08994895469215766
            ],
            "pvalue": 0.241
        },
        "alpha": {
            "estimated": 3.761375164090703,
            "CI": [
                2.770131977494559,
                6.942602581283902
            ],
            "pvalue": 0.4555
        },
        "xmin": {
            "estimated": 12.89754,
            "CI": [
                8.0,
                25.0
            ],
            "pvalue": 0.59368
        }
    }
}