{
    "observed": {
        "alpha": 2.718764177551736,
        "xmin": 4.0,
        "D": 0.03511166087175133,
        "percentage": 10.2
    },
    "comparisons": {
        "truncated_power_law": {
            "likelihood-ratio": -0.04387103058501918,
            "pvalue": 0.7670675249111362
        },
        "exponential": {
            "likelihood-ratio": 21.99614584031245,
            "pvalue": 0.026504454571215873
        },
        "stretched_exponential": {
            "likelihood-ratio": 0.4829413563863194,
            "pvalue": 0.46907316839781676
        },
        "lognormal": {
            "likelihood-ratio": -3.8584048916881626,
            "pvalue": 0.29569139992145166
        }
    },
    "bootstrap": {
        "D": {
            "estimated": 0.043983371231812646,
            "CI": [
                0.027173983354162122,
                0.06389733801830418
            ],
            "pvalue": 0.77984
        },
        "alpha": {
            "estimated": 2.5231185227460875,
            "CI": [
                2.3325452877913637,
                2.9017940940190288
            ],
            "pvalue": 0.13688
        },
        "xmin": {
            "estimated": 2.76756,
            "CI": [
                2.0,
                4.0
            ],
            "pvalue": 0.24639
        }
    }
}