{
    "observed": {
        "alpha": 3.0680986449882477,
        "xmin": 4.0,
        "D": 0.03206983575160183,
        "percentage": 40.14
    },
    "comparisons": {
        "truncated_power_law": {
            "likelihood-ratio": -0.07065175495347509,
            "pvalue": 0.7069885705767462
        },
        "exponential": {
            "likelihood-ratio": 16.384325448885427,
            "pvalue": 0.024184177728485495
        },
        "stretched_exponential": {
            "likelihood-ratio": 0.3712662246341283,
            "pvalue": 0.613104489168392
        },
        "lognormal": {
            "likelihood-ratio": -0.07681516451364034,
            "pvalue": 0.8405642403755008
        }
    },
    "bootstrap": {
        "D": {
            "estimated": 0.04763107482038879,
            "CI": [
                0.025024349050729693,
                0.07596413567086747
            ],
            "pvalue": 0.84047
        },
        "alpha": {
            "estimated": 3.087289406216061,
            "CI": [
                2.7267723920042664,
                3.4841053887588647
            ],
            "pvalue": 0.50317
        },
        "xmin": {
            "estimated": 4.1429,
            "CI": [
                4.0,
                5.0
            ],
            "pvalue": 0.98246
        }
    }
}