{
    "observed": {
        "alpha": 2.652678972994414,
        "xmin": 4.0,
        "D": 0.015545663568078516,
        "percentage": 60.1
    },
    "comparisons": {
        "truncated_power_law": {
            "likelihood-ratio": -1.3262863810968897,
            "pvalue": 0.10338245512840172
        },
        "exponential": {
            "likelihood-ratio": 91.6209926258832,
            "pvalue": 4.028553736587854e-05
        },
        "stretched_exponential": {
            "likelihood-ratio": -0.7006110166147677,
            "pvalue": 0.6990364288664906
        },
        "lognormal": {
            "likelihood-ratio": -1.0075445600931952,
            "pvalue": 0.35907175639758504
        }
    },
    "bootstrap": {
        "D": {
            "estimated": 0.024525609804678977,
            "CI": [
                0.014069355332043213,
                0.037557804971298236
            ],
            "pvalue": 0.90918
        },
        "alpha": {
            "estimated": 2.6155038668364448,
            "CI": [
                2.50310755814749,
                2.78494619417357
            ],
            "pvalue": 0.28167
        },
        "xmin": {
            "estimated": 3.6404,
            "CI": [
                3.0,
                6.0
            ],
            "pvalue": 0.41761
        }
    }
}