{
    "observed": {
        "alpha": 2.7169547513145895,
        "xmin": 5.0,
        "D": 0.01882961326782595,
        "percentage": 40.2
    },
    "comparisons": {
        "truncated_power_law": {
            "likelihood-ratio": -0.5696570765209898,
            "pvalue": 0.28579729707348034
        },
        "exponential": {
            "likelihood-ratio": 63.585310242517465,
            "pvalue": 0.00015283228828543875
        },
        "stretched_exponential": {
            "likelihood-ratio": 0.23606594986262452,
            "pvalue": 0.8709647387609049
        },
        "lognormal": {
            "likelihood-ratio": -0.28908663213810204,
            "pvalue": 0.6009017737467353
        }
    },
    "bootstrap": {
        "alpha": {
            "estimated": 2.693667719893265,
            "CI": [
                2.484825117160097,
                2.9866615986915726
            ],
            "pvalue": 0.46742
        },
        "xmin": {
            "estimated": 5.12419,
            "CI": [
                3.0,
                8.0
            ],
            "pvalue": 0.58616
        },
        "D": {
            "estimated": 0.02182910604273649,
            "CI": [
                0.014490928424242615,
                0.030177541126446293
            ],
            "pvalue": 0.71521
        }
    }
}