{
    "observed": {
        "alpha": 2.555984156332802,
        "xmin": 3.0,
        "D": 0.01599043288655988,
        "percentage": 50.1
    },
    "comparisons": {
        "truncated_power_law": {
            "likelihood-ratio": -1.7449381292370294,
            "pvalue": 0.0617452000407811
        },
        "exponential": {
            "likelihood-ratio": 75.46693743401524,
            "pvalue": 0.0002648649580919432
        },
        "stretched_exponential": {
            "likelihood-ratio": -1.374249199046127,
            "pvalue": 0.39571523189548397
        },
        "lognormal": {
            "likelihood-ratio": -1.425677360477489,
            "pvalue": 0.2553302303460543
        }
    },
    "bootstrap": {
        "alpha": {
            "estimated": 2.5952753072418675,
            "CI": [
                2.2831322347530243,
                2.8275692857930554
            ],
            "pvalue": 0.6771
        },
        "xmin": {
            "estimated": 4.36257,
            "CI": [
                2.0,
                7.0
            ],
            "pvalue": 0.84476
        },
        "D": {
            "estimated": 0.024549401552642007,
            "CI": [
                0.017077164336411165,
                0.0343572248132
            ],
            "pvalue": 0.97557
        }
    }
}