{
    "observed": {
        "alpha": 2.6625127978040544,
        "xmin": 4.0,
        "D": 0.017485716297953646,
        "percentage": 30.4
    },
    "comparisons": {
        "truncated_power_law": {
            "likelihood-ratio": -0.736619887613088,
            "pvalue": 0.22483522502126363
        },
        "exponential": {
            "likelihood-ratio": 44.20131563841021,
            "pvalue": 0.01631824853308793
        },
        "stretched_exponential": {
            "likelihood-ratio": -0.4686203146412691,
            "pvalue": 0.72203338598122
        },
        "lognormal": {
            "likelihood-ratio": -0.5640132761786933,
            "pvalue": 0.4835657731163453
        }
    },
    "bootstrap": {
        "D": {
            "estimated": 0.029051726674599068,
            "CI": [
                0.018108949020552472,
                0.038058790521066296
            ],
            "pvalue": 0.95952
        },
        "alpha": {
            "estimated": 2.5948267939307663,
            "CI": [
                2.4493837367745925,
                2.7794438519388884
            ],
            "pvalue": 0.18854
        },
        "xmin": {
            "estimated": 3.29347,
            "CI": [
                3.0,
                4.0
            ],
            "pvalue": 0.20089
        }
    }
}