{
    "observed": {
        "alpha": 2.858752348033052,
        "xmin": 15.0,
        "D": 0.014672124956156662,
        "percentage": 100.0
    },
    "comparisons": {
        "truncated_power_law": {
            "likelihood-ratio": -2.0652951317893535,
            "pvalue": 0.04211465871086295
        },
        "exponential": {
            "likelihood-ratio": 120.00640360747603,
            "pvalue": 8.081817354837823e-11
        },
        "stretched_exponential": {
            "likelihood-ratio": 0.25140692853058244,
            "pvalue": 0.9050052030914572
        },
        "lognormal": {
            "likelihood-ratio": -0.6864015775340313,
            "pvalue": 0.40925378694772363
        }
    },
    "bootstrap": {
        "D": {
            "estimated": 0.01752400520119371,
            "CI": [
                0.011030539543851114,
                0.025600228358073913
            ],
            "pvalue": 0.71564
        },
        "alpha": {
            "estimated": 2.860491293228702,
            "CI": [
                2.7645552060403453,
                2.96375980084835
            ],
            "pvalue": 0.49642
        },
        "xmin": {
            "estimated": 15.33636,
            "CI": [
                15.0,
                17.0
            ],
            "pvalue": 1.0
        }
    }
}